"Correlation_Coefficient","Confidence_Interval_Lower","Confidence_Interval_Upper","P_value"
0.644360991059447,0.47028008166412,0.770176332025208,0.0000000159494748105016
