"Correlation_Coefficient","Confidence_Interval_Lower","Confidence_Interval_Upper","P_value"
0.959835307077119,0.90972861878501,0.982385937850445,0.0000000000000344686088143077
